Alcona,76,30,39.5,0,0,0.0,0.0
Alger,88,51,58.0,1,0,2.0,0.0
Allegan,"1,277",519,40.6,19,2,4.8,0.4
Alpena,335,230,68.7,7,0,3.0,0.0
Antrim,231,151,65.4,2,0,1.3,0.0
Arenac,169,114,67.5,3,0,2.6,0.0
Baraga,107,71,66.4,2,0,2.8,0.0
Barry,556,295,53.1,12,2,5.4,0.7
Bay,"1,100",892,81.1,55,8,7.5,0.9
Benzie,163,110,67.5,2,1,2.7,0.9
Berrien,"2,191","1,104",50.4,46,6,4.8,0.5
Branch,633,255,40.3,32,1,13.7,0.4
Calhoun,"2,003",741,37.0,35,6,5.5,0.8
Cass,653,310,47.5,18,3,6.8,1.0
Charlevoix,270,188,69.6,4,0,2.7,0.0
Cheboygan,287,174,60.6,5,0,2.9,0.0
Chippewa,435,186,42.8,9,0,4.8,0.0
Clare,468,320,68.4,3,0,0.9,0.0
Clinton,479,298,62.2,7,0,2.3,0.0
Crawford,149,71,47.7,3,0,4.2,0.0
Delta,402,322,80.1,13,2,5.0,0.6
Dickinson,247,222,89.9,5,0,2.3,0.0
Eaton,940,696,74.0,22,0,3.2,0.0
Emmet,282,193,68.4,1,1,1.0,0.5
Genesee,"6,339","3,305",52.1,106,6,3.5,0.2
Gladwin,260,155,59.6,2,0,1.3,0.0
Gogebic,151,116,76.8,4,0,3.4,0.0
Grand Traverse,829,372,44.9,23,0,6.2,0.0
Gratiot,519,284,54.7,7,0,2.5,0.0
Hillsdale,551,253,45.9,21,0,9.1,0.0
Houghton,368,217,59.0,13,0,6.0,0.0
Huron,336,209,62.2,12,0,6.2,0.0
Ingham,"3,177","2,329",73.3,90,3,4.1,0.1
Ionia,761,508,66.8,11,1,2.4,0.2
Iosco,277,118,42.6,3,1,4.2,0.8
Iron,131,98,74.8,1,0,1.0,0.0
Isabella,634,288,45.4,2,0,0.7,0.0
Jackson,"2,060","1,404",68.2,126,14,10.3,1.0
Kalamazoo,"2,836","1,562",55.1,93,8,6.9,0.5
Kalkaska,266,95,35.7,1,0,1.1,0.0
Kent,"7,996","6,364",79.6,418,35,7.4,0.5
Keweenaw,17,10,58.8,1,0,10.0,0.0
Lake,146,67,45.9,2,0,3.0,0.0
Lapeer,837,408,48.7,11,5,3.9,1.2
Leelanau,124,85,68.5,2,0,2.4,0.0
Lenawee,"1,166",861,73.8,40,6,6.2,0.7
Livingston,"1,018",595,58.4,8,2,1.7,0.3
Luce,75,72,96.0,1,0,1.4,0.0
Mackinac,84,83,98.8,0,0,0.0,0.0
Macomb,"7,884","3,566",45.2,81,6,2.6,0.2
Manistee,249,147,59.0,5,1,4.8,0.7
Marquette,581,352,60.6,17,3,6.0,0.9
Mason,376,91,24.2,6,0,6.6,0.0
Mecosta,484,194,40.1,4,2,3.1,1.0
Menominee,227,182,80.2,10,0,6.0,0.0
Midland,741,289,39.0,6,0,2.4,0.0
Missaukee,191,99,51.8,0,0,0.0,0.0
Monroe,"1,466",917,62.6,20,0,2.2,0.0
Montcalm,845,386,45.7,12,0,3.4,0.0
Montmorency,89,54,60.7,1,0,1.9,0.0
Muskegon,"2,747","1,188",43.2,91,7,8.6,0.6
Newaygo,674,357,53.0,9,0,2.5,0.0
Oakland,"8,308","4,046",48.7,80,11,2.3,0.3
Oceana,508,253,49.8,6,0,2.4,0.0
Ogemaw,256,73,28.5,2,0,2.7,0.0
Ontonagon,43,43,100.0,2,0,4.7,0.0
Osceola,317,207,65.3,11,1,5.8,0.5
Oscoda,85,18,21.2,0,0,0.0,0.0
Otsego,330,163,49.4,3,0,1.8,0.0
Ottawa,"2,295","1,273",55.5,57,4,5.3,0.3
Presque Isle,106,74,69.8,2,0,2.7,0.0
Roscommon,285,170,59.6,1,0,0.6,0.0
Saginaw,"2,770","2,074",74.9,99,13,5.6,0.6
St Clair,"1,885","1,068",56.7,38,3,4.0,0.3
St Joseph,957,452,47.2,29,3,8.6,0.7
Sanilac,526,239,45.4,8,1,3.8,0.4
Schoolcraft,82,73,89.0,1,0,2.7,0.0
Shiawassee,764,593,77.6,15,2,2.9,0.3
Tuscola,614,339,55.2,13,1,4.1,0.3
Van Buren,"1,136",436,38.4,19,0,5.0,0.0
Washtenaw,"2,527","1,090",43.1,29,1,2.8,0.1
Wayne ex Det,"12,972","6,987",53.9,243,24,4.0,0.3
Wexford,518,224,43.2,1,0,0.4,0.0
"Detroit, City of","16,780","9,822",58.5,853,227,11.3,2.3
MICHIGAN,"115,117","64,940",56.4,"3,078",423,5.6,0.7
"",% TestedShould be were tested,,BL
County,Tested*,,
Kent,"9,227 7,039",76.3,
Keweenaw,17 10,58.8,
Lake,146 67,45.9,
Lapeer,837 408,48.7,
Leelanau,124 85,68.5,
Lenawee,"1,166 861",73.8,
Livingston,"1,018 595",58.4,
Luce,75 72,96.0,
Mackinac,84 83,98.8,
Macomb,"7,884 3,566",45.2,
Manistee,249 147,59.0,
Marquette,581 352,60.6,
Mason,376 91,24.2,
Mecosta,484 194,40.1,
Menominee,227 182,80.2,
Midland,741 289,39.0,
Missaukee,191 99,51.8,
Monroe,"1,466 917",62.6,
Montcalm,845 386,45.7,
Montmorency,89 54,60.7,
Muskegon,"2,808 1,284",45.7,
Newaygo,674 357,53.0,
Oakland,"8,406 4,130",49.1,
Oceana,508 253,49.8,
Ogemaw,256 73,28.5,
Ontonagon,43 43,100.0,
Osceola,317 207,65.3,
Oscoda,85 18,21.2,
Otsego,330 163,49.4,
Ottawa,"2,295 1,273",55.5,
Presque Isle,106 74,69.8,
Roscommon,285 170,59.6,
Saginaw,"2,913 2,181",74.9,
St Clair,"1,885 1,068",56.7,
St Joseph,957 452,47.2,
Sanilac,526 239,45.4,
Schoolcraft,82 73,89.0,
Shiawassee,764 593,77.6,
Tuscola,614 339,55.2,
Van Buren,"1,136 436",38.4,
Washtenaw,"2,527 1,090",43.1,
Wayne,"31,783 18,729",58.9,
Wexford,518 224,43.2,
Totals by Category Population,were tested,% Tested
One & Two Year Old,,
Children Who Should Be,,
"Tested* 120,602","68,646",56.9
"(portion of All 1 & 2 Yr Olds) 0.51",0.78,
"Other 1 & 2 Yr Olds 113,808","19,327",17.0
"(portion of All 1 & 2 Yr Olds) 0.49",0.22,
"Children Insured by Medicaid 115,117","64,940",56.4
"(portion of All 1 & 2 Yr Olds) 0.49",0.74,
Children NOT Insured by,,
"Medicaid 119,293","23,033",19.3
"(portion of All 1 & 2 Yr Olds) 0.51",0.26,
Children living in Target,,
"Communities 48,037","25,406",52.9
"(portion of All 1 & 2 Yr Olds) 0.20",0.29,
Children NOT living in,,
"Target Communities 186,373","62,567",33.6
"(portion of All 1 & 2 Yr Olds) 0.80",0.71,
Children Insured by Medicaid,,
AND Living in Target Not available,,Not available
Communities,"21,703",
"(portion of All 1 & 2 Yr Olds)",0.25,
Children NOT Insured by,,
"Medicaid, Living in Target Not available",,Not available
Communities,"3,703",
"(portion of All 1 & 2 Yr Olds)",0.04,
Children Insured by,,
"Medicaid, NOT Living in Not available",,Not available
Target Communities,"43,237",
"(portion of All 1 & 2 Yr Olds)",0.49,
Children NOT Insured by,,
"Medicaid, NOT Living in",,
"Target Communities 113,808","19,327",17.0
"(portion of All 1 & 2 Yr Olds) 0.49",0.22,
All One and Two Year Old,,
"Children 234,410","87,973",37.5
"*""Children who should be tested"" is defined for this report as 1 & 2 year olds who are insured by Medicaid or liv",,
"(Battle Creek, Benton Harbor, Dearborn, Detroit, Flint, Grand Rapids, Hamtramck, Highland Park, Jackson, K",,
"Pontiac, Saginaw).  Due to temporary data access issues, this report does not include those children who are p",,
of the other categories.,,
3500 400,,
3000 350,,
2500 300,,
2000 250,,
1500 200,,
1000 150,,
500 100,,
500 0,,
"% of Children with BLL >= 5 ug/dL",,%
12 1.6,,
10 1.4,,
1.2,,
8,1,
6 0.8,,
4 0.6,,
0.4,,
2 0.2,,
0,0,
"",Quarter,,,,,,,,,,,,
Target Communit,"%Pre-1950Housing","%Pre-1978Housing","ChildrenUnder Age6","Number ofChildrenTested",% Tested,,"<5 ug/dL(capillary,venous orunknown)","5 to 9 ug/dL(capillary,venous orunknown)","Capillary 1014, notconfirmedby venous","Confirmed10-14 ug/dL(venousonly)","Capillary 1519, notconfirmedby venous","Confirmed15-19 ug/dL(venousonly)","Capill44,confiby ve"
"Battle CreekBenton HarborDearbornDetroitFlintGrand RapidsHamtramckHighland ParkJacksonKalamazooLansingMuskegon/MuskHtsPontiacSaginaw","43.057.748.162.238.048.178.268.867.640.835.748.632.655.6","79.684.085.393.389.781.594.687.991.678.881.984.477.391.4","4,8241,33010,18462,37710,07117,6042,2031,0413,5025,3319,8574,5095,3164,998","9072832,59627,2982,3754,8781,0723501,0951,6563,1211,1751,5731,628","18.821.325.543.823.627.748.733.631.331.131.726.129.632.6",,"8662482,52624,9692,2644,3369242949501,5142,9921,0431,5371,496","3131611,832994781234012512012011334110","1025001372451504","41325952361091048211","000110620010000","2348531051131402",
Subtotal,53.5,88.4,"143,147","50,007",34.9,,"45,959","3,317",94,355,20,124,
471,162,,,,,,,,,,,,
"",Quarter,,,,,,,,,,,,
Target Communit,"%Pre-1950Housing","%Pre-1978Housing","ChildrenAge 1 & 2","Number ofChildrenTested",% Tested,,"<5 ug/dL(capillary,venous orunknown)","5 to 9 ug/dL(capillary,venous orunknown)","Capillary 1014, notconfirmedby venous","Confirmed10-14 ug/dL(venousonly)","Capillary 1519, notconfirmedby venous","Confirmed15-19 ug/dL(venousonly)","Capill44,confirby ve"
"Battle CreekBenton HarborDearbornDetroitFlintGrand RapidsHamtramckHighland ParkJacksonKalamazooLansingMuskegon/MuskHtsPontiacSaginaw","43.057.748.162.238.048.178.268.867.640.835.748.632.655.6","79.684.085.393.389.781.594.687.991.678.881.984.477.391.4","1,6524583,44820,7493,4095,9496933481,1931,7833,4291,5211,7621,643","5091751,34011,3031,4493,7105191607499151,8586519291,139","30.838.238.954.542.562.474.946.062.851.354.242.852.769.3",,"4821551,29710,0701,3793,2834381286378271,7685699041,046","221938957623776524977386722477","0002301051131302","20213631915871517","00080320020001","013521930121002",
Subtotal,53.5,88.4,"48,037","25,406",52.9,,"22,983","1,993",49,197,16,75,
266,103,,,,,,,,,,,,
"",,Children Tested Percentage Tested,Children w/BLL 5-9 ug/dL,Children w/BLL >= 10 ug/dL*,,P
City,Kids<6,CY2011 CY2012 CY2011 CY2012 ,CY2011 CY2012 ∆,CY2011 CY2012,∆,
Battle Creek,"4,824",994 907 20.6 18.8 -1.8,44 31 -13,5 9,4,
Benton Harbor,"1,330",343 283 25.8 21.3 -4.5,38 31 -7,8 4,-4,
Dearborn,"10,184","2,605 2,596 25.6 25.5 -0.1",47 61 14,10 7,-3,
Detroit,"62,377","28,674 27,298 46.0 43.8 -2.2","2,317 1,832 -485",545 428,-117,
Flint,"10,071","2,349 2,375 23.3 23.6 0.3",134 99 -35,17 11,-6,
Grand Rapids,"17,604","5,185 4,878 29.5 27.7 -1.7",496 478 -18,57 42,-15,
Hamtramck,"2,203","1,163 1,072 52.8 48.7 -4.1",132 123 -9,19 14,-5,
Highland Park,"1,041",436 350 41.9 33.6 -8.3,56 40 -16,21 13,-8,
Jackson,"3,502","1,055 1,095 30.1 31.3 1.1",129 125 -4,10 15,5,
Kalamazoo,"5,331","1,814 1,656 34.0 31.1 -3.0",154 120 -34,10 15,5,
Lansing,"9,857","3,120 3,121 31.7 31.7 0.0",159 120 -39,14 7,-7,
Muskegon/MuskHts,"4,509","1,148 1,175 25.5 26.1 0.6",123 113 -10,22 14,-8,
Pontiac,"5,316","1,875 1,573 35.3 29.6 -5.7",63 34 -29,6 2,-4,
Saginaw,"4,998","1,702 1,628 34.1 32.6 -1.5",106 110 4,12 18,6,
Subtotal,"143,147","52,463 50,007 36.6 34.9 -1.7","3,998 3,317 -681",756 599,-157,
Michigan,"720,314","151,867 149,046 21.1 20.7 -0.4","6,338 5,734 -604",950 788,-162,
"*Venous only",,,,,,
Note:  green background (or darker shading if printed black & white) indicates a change in the right direction;,,,,,,
pink (or lighter shading) indicates a change in the wrong direction.,,,,,,
"","Children TestedPercentage TestedCY2011CY2012CY2011CY2012","Children w/BLL 5-9 ug/dLCY2011CY2012∆","Children w/BLL >= 10 ug/dL*PCY2011CY2012∆",,,,,
"1,6524583,44820,7493,4095,9496933481,1931,7833,4291,5211,7621,643","5815091891751,4191,34011,81611,3031,4961,4493,7013,7105615191991607527498949151,7701,8586066511,1079291,1601,139","35.230.8-4.441.338.2-3.141.238.9-2.356.954.5-2.543.942.5-1.462.262.40.281.074.9-6.157.246.0-11.263.062.8-0.350.151.31.251.654.22.639.842.83.062.852.7-10.170.669.3-1.3",-4.4,"3222-102219-3343841,154957-1978762-25340377376865-33324-910297-58373-109686-105872143824-1474773",-10,"35241-3451283240-43107-34235-7126-6117-49134810293-6137-621-18124",2,
"",,-3.1,-3,-3,,,,
"",,-2.3,4,1,,,,
"",,-2.5,-197,-43,,,,
"",,-1.4,-25,-3,,,,
"",,0.2,37,-7,,,,
"",,-6.1,-3,-6,,,,
"",,-11.2,-9,-4,,,,
"",,-0.3,-5,4,,,,
"",,1.2,-10,2,,,,
"",,2.6,-10,-6,,,,
"",,3.0,14,-6,,,,
"",,-10.1,-14,-1,,,,
"",,-1.3,3,4,,,,
"48,037","26,25125,406",54.652.9-1.8,-1.8,"2,2211,993-228",-228,418352-66,-66,
"-0.3",-172,-74,,,,,,
"35.230.8-4.441.338.2-3.141.238.9-2.356.954.5-2.543.942.5-1.462.262.40.281.074.9-6.157.246.0-11.263.062.8-0.350.151.31.251.654.22.639.842.83.062.852.7-10.170.669.3-1.3",-4.4
"-3.1",
"-2.3",
"-2.5",
"-1.4",
0.2,
"-6.1",
"-11.2",
"-0.3",
1.2,
2.6,
3.0,
"-10.1",
"-1.3",
"3222-102219-3343841,154957-1978762-25340377376865-33324-910297-58373-109686-105872143824-1474773",-10
"-3",
4,
"-197",
"-25",
37,
"-3",
"-9",
"-5",
"-10",
"-10",
14,
"-14",
3,
"35241-3451283240-43107-34235-7126-6117-49134810293-6137-621-18124",2
"-3",
1,
"-43",
"-3",
"-7",
"-6",
"-4",
4,
2,
"-6",
"-6",
"-1",
4,
54.652.9-1.8,-1.8
"2,2211,993-228",-228
418352-66,-66
"51,214 initial tests at age one (12‐23 months)","6 ‐ 11 14,044"
"(44% tested at age one)","12 ‐ 17 42,208"
"","18 ‐ 23 9,006"
"","24 ‐ 35 10,351"
"","36 + 9,820"
"","Not Tested 30,618"
"","Total 116,250"
Children born in 2009,
"population: 114,750 children (estimated)",Age at First Test
"",Age in months 1st tests P
"79,975 children tested (70% tested at least once)",0 ‐ 5 142
"51,259 initial tests at age one (12‐23 months)","6 ‐ 11 15,097"
"(45% tested at age one)","12 ‐ 17 42,230"
"","18 ‐ 23 9,029"
"","24 ‐ 35 9,610"
"","36 + 3,867"
"","Not Tested 34,775"
"","Total 114,750"
Children born in 2010,
"population: 113,250 children (estimated)",Age at First Test
"",Age in months 1st tests P
"74,123 children tested (65% tested at least once)",0 ‐ 5 113
"50,578 initial tests at age one (12‐23 months)","6 ‐ 11 16,304"
"(45% tested at age one)","12 ‐ 17 42,393"
"","18 ‐ 23 8,185"
"","24 ‐ 35 7,035"
"",36 + 93
"","Not Tested 39,127"
"","Total 113,250"
"(34% of population received 2nd test)"
2nd Tests for Children w/1st Test Result <5 2nd Tests for Children w/1st Test Result 5 to 9
Months between Children Pct of Total Months between Children Pct of Total
"No 2nd Test 44,429 55.4% No 2nd Test 1,692 36.8%"
"0 ‐ 4 3,517 4.4% 0 ‐ 4 533 11.6%"
"5 ‐ 13 15,647 19.5% 5 ‐ 13 1,269 27.6%"
"14+ 16,572 20.7% 14+ 1,105 24.0%"
"Total 80,165 100.0% Total 4,599 100.0%"
Pb + or ‐ Children Pct of Total Pb + or ‐ Children Pct of Total
"No 2nd Test 44,429 55.4% No 2nd Test 1,692 36.8%"
"Decrease 2 or more 3,274 4.1% Decrease 2 or more 2,098 45.6%"
"Plus or minus One 28,239 35.2% Plus or minus One 563 12.2%"
"Increase 2 or more 4,223 5.3% Increase 2 or more 246 5.3%"
"Total 80,165 100.0% Total 4,599 100.0%"
Children born in 2009
"114,750 estimated population"
"79,975 children with initial tests"
"33,259 children with 2nd tests"
"(42% of children with initial test received 2nd test)"
"(29% of population received 2nd test)"
2nd Tests for Children w/1st Test Result <5 2nd Tests for Children w/1st Test Result 5 to 9
Months between Children Pct of Total Months between Children Pct of Total
"No 2nd Test 45,219 59.5% No 2nd Test 1,413 42.7%"
"0 ‐ 4 5,209 6.8% 0 ‐ 4 524 15.8%"
"5 ‐ 13 14,177 18.6% 5 ‐ 13 862 26.1%"
"14+ 11,446 15.1% 14+ 509 15.4%"
"Total 76,051 100.0% Total 3,308 100.0%"
Pb + or ‐ Children Pct of Total Pb + or ‐ Children Pct of Total
"No 2nd Test 45,219 59.5% No 2nd Test 1,413 42.7%"
"Decrease 2 or more 2,298 3.0% Decrease 2 or more 1,283 38.8%"
"Plus or minus One 25,031 32.9% Plus or minus One 443 13.4%"
"Increase 2 or more 3,503 4.6% Increase 2 or more 169 5.1%"
"Total 76,051 100.0% Total 3,308 100.0%"
Children born in 2010
"113,250 estimated population"
"74,123 children with initial tests"
"26,260 children with 2nd tests"
"(35% of children with initial test received 2nd test)"
"(23% of population received 2nd test)"
2nd Tests for Children w/1st Test Result <5 2nd Tests for Children w/1st Test Result 5 to 9
Months between Children Pct of Total Months between Children Pct of Total
"No 2nd Test 46,484 65.3% No 2nd Test 1,273 51.5%"
"0 ‐ 4 6,112 8.6% 0 ‐ 4 481 19.5%"
"5 ‐ 13 13,937 19.6% 5 ‐ 13 561 22.7%"
"14+ 4,630 6.5% 14+ 155 6.3%"
"Total 71,163 100.0% Total 2,470 100.0%"
Pb + or ‐ Children Pct of Total Pb + or ‐ Children Pct of Total
"No 2nd Test 46,484 65.3% No 2nd Test 1,273 51.5%"
"Decrease 2 or more 1,520 2.1% Decrease 2 or more 782 31.7%"
"Plus or minus One 20,291 28.5% Plus or minus One 325 13.2%"
"Increase 2 or more 2,868 4.0% Increase 2 or more 90 3.6%"
"Total 71,163 100.0% Total 2,470 100.0%"
"",,,,,,"(capillary,",,
"",,%Pre-1950,Children,,,venous or,10-19 ug/dL,20+
ZIP,Post Office,Housing,Under Age 6,"# Tested",% Tested,unknown),(venous only),(veno
48607,Saginaw,74.4,85,32,37.6,10,1,
48445,Kinde,34.3,90,25,27.8,5,0,
48214,Detroit,71.0,"1,516",753,49.7,102,29,
48206,Detroit,78.1,"1,665",790,47.4,104,27,
48211,Detroit,72.1,694,289,41.6,39,8,
49507,Grand Rapids,58.0,"4,361",1359,31.2,179,16,
48204,Detroit,67.2,"2,271",1042,45.9,110,22,
48213,Detroit,62.5,"2,368",1079,45.6,132,18,
48215,Detroit,55.5,"1,083",492,45.4,50,15,
48216,Detroit,71.5,506,151,29.8,17,2,
48238,Detroit,71.7,"2,584",1200,46.4,121,22,
49067,Marcellus,40.8,298,47,15.8,6,0,
48207,Detroit,34.7,"1,326",624,47.1,52,17,
49506,Grand Rapids,48.2,"2,563",484,18.9,54,2,
48203,Detroit/Highland Park,61.4,"2,195",859,39.1,82,17,
48212,Detroit/Hamtramck,70.6,"4,007",1705,42.6,174,16,
49503,Grand Rapids,66.1,"3,180",939,29.5,101,6,
49036,Coldwater,32.0,"1,739",350,20.1,42,0,
49203,Jackson,46.1,"3,407",903,26.5,91,9,
49504,Grand Rapids,58.0,"3,696",909,24.6,91,8,
49007,Kalamazoo,61.2,838,325,38.8,35,2,
48202,Detroit,68.5,955,426,44.6,40,7,
49336,Morley,26.1,367,45,12.3,3,2,
49001,Kalamazoo,44.5,"2,232",648,29.0,58,4,
49043,Covert,31.0,212,48,22.6,4,1,
48208,Detroit,64.7,854,337,39.5,28,6,
49274,Reading,40.3,317,58,18.3,6,0,
49668,Mesick,16.7,281,49,17.4,3,0,
49849,Ishpeming,48.5,921,110,11.9,8,3,
49247,Hudson,49.3,405,110,27.2,9,2,
"",,,,,,"(capillary,",,
"",,%Pre-1950,Children,,,venous or,10-19 ug/dL,20+
ZIP,Post Office,Housing,Under Age 6,"# Tested",% Tested,unknown),(venous only),(veno
48607,Saginaw,74.4,85,32,37.6,10,1,
48214,Detroit,71.0,"1,516",753,49.7,102,29,
48206,Detroit,78.1,"1,665",790,47.4,104,27,
48211,Detroit,72.1,694,289,41.6,39,8,
49507,Grand Rapids,58.0,"4,361",1359,31.2,179,16,
48204,Detroit,67.2,"2,271",1042,45.9,110,22,
48213,Detroit,62.5,"2,368",1079,45.6,132,18,
48215,Detroit,55.5,"1,083",492,45.4,50,15,
48216,Detroit,71.5,506,151,29.8,17,2,
48238,Detroit,71.7,"2,584",1200,46.4,121,22,
48207,Detroit,34.7,"1,326",624,47.1,52,17,
49506,Grand Rapids,48.2,"2,563",484,18.9,54,2,
48203,Detroit/Highland Park,61.4,"2,195",859,39.1,82,17,
48212,Detroit/Hamtramck,70.6,"4,007",1705,42.6,174,16,
49503,Grand Rapids,66.1,"3,180",939,29.5,101,6,
49036,Coldwater,32.0,"1,739",350,20.1,42,0,
49203,Jackson,46.1,"3,407",903,26.5,91,9,
49504,Grand Rapids,58.0,"3,696",909,24.6,91,8,
49007,Kalamazoo,61.2,838,325,38.8,35,2,
48202,Detroit,68.5,955,426,44.6,40,7,
49001,Kalamazoo,44.5,"2,232",648,29.0,58,4,
48208,Detroit,64.7,854,337,39.5,28,6,
49247,Hudson,49.3,405,110,27.2,9,2,
49849,Ishpeming,48.5,921,110,11.9,8,3,
48708,Bay City,59.1,"2,246",498,22.2,42,3,
48210,Detroit,68.1,"3,933",1887,48.0,152,23,
49431,Ludington,36.8,"1,208",209,17.3,18,0,
48602,Saginaw,59.9,"2,819",821,29.1,58,7,
49442,Muskegon,29.0,"3,726",848,22.8,63,6,
48209,Detroit,76.0,"4,220",2014,47.7,131,30,
"",,%Pre-1950,Children,,,venous or,10-19 ug/dL,20+
ZIP,Post Office,Housing,Under Age 6,"# Tested",% Tested,unknown),(venous only),(venou
48206,Detroit,78.1,"1,665",790,47.4,104,27,
48214,Detroit,71.0,"1,516",753,49.7,102,29,
48207,Detroit,34.7,"1,326",624,47.1,52,17,
48211,Detroit,72.1,694,289,41.6,39,8,
48215,Detroit,55.5,"1,083",492,45.4,50,15,
48204,Detroit,67.2,"2,271",1042,45.9,110,22,
48203,Detroit/Highland Park,61.4,"2,195",859,39.1,82,17,
48208,Detroit,64.7,854,337,39.5,28,6,
48238,Detroit,71.7,"2,584",1200,46.4,121,22,
48224,Detroit,57.9,"4,024",1743,43.3,109,27,
49017,Battle Creek,39.0,"1,430",257,18.0,16,3,
48202,Detroit,68.5,955,426,44.6,40,7,
48209,Detroit,76.0,"4,220",2014,47.7,131,30,
48213,Detroit,62.5,"2,368",1079,45.6,132,18,
48201,Detroit,51.0,666,424,63.7,15,7,
48205,Detroit,48.2,"4,233",1799,42.5,119,20,
48210,Grand Rapids,68.1,"3,933",1887,48.0,152,23,
49507,Detroit,58.0,"4,361",1359,31.2,179,16,
48602,Saginaw,59.9,"2,819",821,29.1,58,7,
49203,Jackson,46.1,"3,407",903,26.5,91,9,
48212,Detroit/Hamtramck,70.6,"4,007",1705,42.6,174,16,
49022,Benton Harbor,34.2,"3,136",673,21.5,48,6,
48706,Bay City,33.5,"2,707",541,20.0,28,6,
49504,Grand Rapids,58.0,"3,696",909,24.6,91,8,
48708,Bay City,59.1,"2,246",498,22.2,42,3,
48503,Flint,49.1,"2,111",513,24.3,19,3,
48235,Detroit,44.9,"3,103",1517,48.9,37,13,
49503,Kalamazoo,66.1,"3,180",939,29.5,101,6,
49048,Grand Rapids,*,"2,350",585,24.9,23,5,
48227,Detroit,53.5,"3,524",1675,47.5,103,13,
49442,Muskegon,29.0,"3,726",848,22.8,63,6,
48234,Detroit,47.2,"3,005",1346,44.8,58,9,
"",,,,,,"(capillary,",,
"",,%Pre-1950,Children,,,venous or,10-19 ug/dL,20+  u
ZIP,Post Office,Housing,Under Age 6,"# Tested",% Tested,unknown),(venous only),(venous
48206,Detroit,78.1,"1,665",790,47.4,104,27,
48214,Detroit,71.0,"1,516",753,49.7,102,29,
49336,Morley,26.1,367,45,12.3,3,2,
48207,Detroit,34.7,"1,326",624,47.1,52,17,
48211,Detroit,72.1,694,289,41.6,39,8,
48215,Detroit,55.5,"1,083",492,45.4,50,15,
48204,Detroit,67.2,"2,271",1042,45.9,110,22,
49073,Nashville,45.8,383,67,17.5,4,2,
49045,Decatur,39.3,429,73,17.0,2,2,
49849,Ishpeming,48.5,921,110,11.9,8,3,
48444,Muskegon,29.0,731,116,15.9,3,3,
48203,Detroit/Highland Park,61.4,"2,195",859,39.1,82,17,
48208,Detroit,64.7,854,337,39.5,28,6,
48238,Detroit,71.7,"2,584",1200,46.4,121,22,
48224,Detroit,57.9,"4,024",1743,43.3,109,27,
49017,Battle Creek,39.0,"1,430",257,18.0,16,3,
49047,Dowagiac,36.8,"1,165",206,17.7,8,1,
48202,Detroit,68.5,955,426,44.6,40,7,
48209,Detroit,76.0,"4,220",2014,47.7,131,30,
49247,Hudson,49.3,405,110,27.2,9,2,
48213,Detroit,62.5,"2,368",1079,45.6,132,18,
48201,Detroit,51.0,666,424,63.7,15,7,
48205,Detroit,48.2,"4,233",1799,42.5,119,20,
48210,Detroit,68.1,"3,933",1887,48.0,152,23,
49507,Grand Rapids,58.0,"4,361",1359,31.2,179,16,
48602,Saginaw,59.9,"2,819",821,29.1,58,7,
49203,Jackson,46.1,"3,407",903,26.5,91,9,
48216,Detroit,71.5,506,151,29.8,17,2,
48212,Detroit/Hamtramck,70.6,"4,007",1705,42.6,174,16,
49008,Kalamazoo,32.6,"1,019",236,23.2,8,3,
"",,,,,,"(capillary,",,
"",,%Pre-1950,Children,,,venous or,10-19 ug/dL,20+
ZIP,Post Office,Housing,Under Age 6,"# Tested",% Tested,unknown),(venous only),(veno
48206,Detroit,78.1,"1,665",790,47.4,104,27,
48209,Detroit,76.0,"4,220",2014,47.7,131,30,
48214,Detroit,71.0,"1,516",753,49.7,102,29,
48224,Detroit,57.9,"4,024",1743,43.3,109,27,
48204,Detroit,67.2,"2,271",1042,45.9,110,22,
48210,Detroit,68.1,"3,933",1887,48.0,152,23,
48205,Detroit,48.2,"4,233",1799,42.5,119,20,
48207,Detroit,34.7,"1,326",624,47.1,52,17,
48238,Detroit,71.7,"2,584",1200,46.4,121,22,
48212,Detroit/Hamtramck,70.6,"4,007",1705,42.6,174,16,
48203,Detroit/Highland Park,61.4,"2,195",859,39.1,82,17,
49507,Grand Rapids,58.0,"4,361",1359,31.2,179,16,
48213,Detroit,62.5,"2,368",1079,45.6,132,18,
48215,Detroit,55.5,"1,083",492,45.4,50,15,
48227,Detroit,53.5,"3,524",1675,47.5,103,13,
48235,Detroit,44.9,"3,103",1517,48.9,37,13,
49203,Jackson,46.1,"3,407",903,26.5,91,9,
48219,Detroit,34.4,"3,543",1681,47.4,53,10,
48211,Detroit,72.1,694,289,41.6,39,8,
48602,Saginaw,59.9,"2,819",821,29.1,58,7,
48234,Detroit,47.2,"3,005",1346,44.8,58,9,
49504,Grand Rapids,58.0,"3,696",909,24.6,91,8,
48202,Detroit,68.5,955,426,44.6,40,7,
49022,Benton Harbor,34.2,"3,136",673,21.5,48,6,
49503,Grand Rapids,66.1,"3,180",939,29.5,101,6,
48208,Detroit,64.7,854,337,39.5,28,6,
48201,Detroit,51.0,666,424,63.7,15,7,
49442,Muskegon,29.0,"3,726",848,22.8,63,6,
48601,Saginaw,36.4,"3,543",1225,34.6,50,6,
48228,Detroit,39.5,"5,037",2179,43.3,75,3,
"",,,,,,"(capillary,",,
"",,%Pre-1950,Children,,,venous or,10-19 ug/dL,20+  u
ZIP,Post Office,Housing,Under Age 6,"# Tested",% Tested,unknown),(venous only),(venous
48212,Detroit/Hamtramck,70.6,"4,007",1705,42.6,174,16,
49507,Grand Rapids,58.0,"4,361",1359,31.2,179,16,
48210,Detroit,68.1,"3,933",1887,48.0,152,23,
48209,Detroit,76.0,"4,220",2014,47.7,131,30,
48238,Detroit,71.7,"2,584",1200,46.4,121,22,
48213,Detroit,62.5,"2,368",1079,45.6,132,18,
48204,Detroit,67.2,"2,271",1042,45.9,110,22,
48206,Detroit,78.1,"1,665",790,47.4,104,27,
48205,Detroit,48.2,"4,233",1799,42.5,119,20,
48214,Detroit,71.0,"1,516",753,49.7,102,29,
48224,Detroit,57.9,"4,024",1743,43.3,109,27,
48227,Detroit,53.5,"3,524",1675,47.5,103,13,
49503,Grand Rapids,66.1,"3,180",939,29.5,101,6,
49203,Jackson,46.1,"3,407",903,26.5,91,9,
49504,Grand Rapids,58.0,"3,696",909,24.6,91,8,
48203,Detroit/Highland Park,61.4,"2,195",859,39.1,82,17,
48228,Detroit,39.5,"5,037",2179,43.3,75,3,
48207,Detroit,34.7,"1,326",624,47.1,52,17,
49442,Muskegon,29.0,"3,726",848,22.8,63,6,
48602,Saginaw,59.9,"2,819",821,29.1,58,7,
48219,Detroit,34.4,"3,543",1681,47.4,53,10,
48234,Detroit,47.2,"3,005",1346,44.8,58,9,
49221,Kalamazoo,37.2,"2,982",991,33.2,60,2,
49001,Detroit,44.5,"2,232",648,29.0,58,4,
48215,Adrian,55.5,"1,083",492,45.4,50,15,
49506,Grand Rapids,48.2,"2,563",484,18.9,54,2,
48601,Saginaw,36.4,"3,543",1225,34.6,50,6,
48126,Dearborn,54.1,"5,545",1793,32.3,52,6,
48060,Port Huron,44.7,"3,627",1092,30.1,54,2,
49022,Benton Harbor,34.2,"3,136",673,21.5,48,6,
"",,,for Lead,,,,
"",,,,,,,Cap
"",,,,5 to 9 ug/dL,,,
"",,,,"(capillary,",,,1
"",%Pre-1950,Children,,venous or,10-19 ug/dL,20+  ug/dL,conf
ZIP,Housing,Under Age 6,"# Tested % Tested",unknown),(venous only),(venous only),v
48001,25.7,660,167 25.3,9,0,0,
48002,25.8,219,17 7.8,0,0,0,
48003,24.1,388,42 10.8,0,0,0,
48005,32.5,294,31 10.5,0,0,0,
48006,28.1,295,37 12.5,1,0,0,
48009,39.8,"1,586",240 15.1,3,0,0,
48014,36.9,321,85 26.5,1,0,0,
48015,33.4,516,120 23.3,1,0,0,
48017,20.9,761,124 16.3,1,0,0,
48021,31.4,"2,569",601 23.4,9,3,1,
48022,21.7,174,27 15.5,0,0,0,
48023,16.7,330,42 12.7,1,0,0,
48025,14.5,907,98 10.8,3,0,0,
48026,7.3,811,168 20.7,1,0,0,
48027,29.1,213,34 16.0,0,0,0,
48028,32.0,26,2 7.7,0,0,0,
48030,36.7,"1,280",269 21.0,10,3,0,
48032,19.7,156,31 19.9,0,1,0,
48033,*,821,229 27.9,4,0,0,
48034,7.1,809,341 42.2,4,1,0,
48035,5.5,"2,662",520 19.5,5,0,0,
48036,4.7,"1,465",269 18.4,4,0,0,
48038,0.9,"2,497",433 17.3,7,0,0,
48039,41.7,464,117 25.2,0,0,0,
48040,11.3,675,96 14.2,3,0,0,
48041,28.0,270,36 13.3,1,0,0,
48042,6.2,"2,366",233 9.8,2,0,0,
48043,40.4,"1,180",204 17.3,9,0,1,
48044,1.6,"4,252",483 11.4,6,0,1,
48045,11.5,"1,392",192 13.8,2,1,0,
48047,7.8,"3,062",339 11.1,7,0,0,
48048,15.6,767,117 15.3,1,0,0,
48049,14.2,335,52 15.5,2,0,0,
48050,33.0,80,12 15.0,1,0,0,
48051,5.1,"1,208",199 16.5,3,0,0,
48054,24.9,369,58 15.7,0,0,0,
48059,19.4,976,170 17.4,3,1,0,
48060,44.7,"3,627",1092 30.1,54,2,0,
48062,28.7,654,85 13.0,5,0,0,
48063,12.3,258,32 12.4,2,0,0,
48064,25.1,256,51 19.9,1,0,0,
48065,25.4,661,83 12.6,0,0,0,
48066,16.0,"3,565",675 18.9,12,2,1,
48067,53.6,"1,647",239 14.5,2,0,0,
48069,79.6,179,19 10.6,1,0,0,
48070,55.2,512,46 9.0,0,0,0,
48071,11.6,"2,166",497 22.9,14,0,0,
"",,,for Lead,,,,
"",,,,,,,Cap
"",,,,5 to 9 ug/dL,,,
"",,,,"(capillary,",,,1
"",%Pre-1950,Children,,venous or,10-19 ug/dL,20+  ug/dL,conf
ZIP,Housing,Under Age 6,"# Tested % Tested",unknown),(venous only),(venous only),v
48072,55.2,"1,147",172 15.0,3,0,0,
48073,24.7,"2,178",318 14.6,5,1,0,
48074,23.4,688,154 22.4,2,1,0,
48075,12.8,"1,302",454 34.9,10,0,1,
48076,9.4,"1,390",416 29.9,6,1,0,
48079,26.0,756,89 11.8,2,0,0,
48080,19.2,"1,365",220 16.1,3,0,0,
48081,15.0,"1,123",142 12.6,0,0,0,
48082,10.2,"1,038",126 12.1,1,0,0,
48083,7.5,"1,706",221 13.0,5,0,0,
48084,3.0,"1,055",135 12.8,3,0,0,
48085,*,"1,489",152 10.2,3,1,0,
48088,*,"1,359",253 18.6,5,0,0,
48089,23.9,"2,861",695 24.3,19,1,0,
48091,19.1,"2,642",669 25.3,17,2,0,
48092,8.7,"1,645",328 19.9,6,1,0,
48093,3.4,"1,363",293 21.5,8,0,0,
48094,5.6,"1,386",164 11.8,4,0,0,
48095,8.9,263,24 9.1,0,0,0,
48096,19.6,193,15 7.8,1,0,0,
48097,41.2,385,92 23.9,4,1,0,
48098,4.4,919,126 13.7,3,0,0,
48101,25.6,"1,725",310 18.0,9,0,0,
48103,21.9,"3,584",325 9.1,9,1,0,
48104,36.7,"1,281",126 9.8,5,0,0,
48105,7.3,"2,014",146 7.2,1,0,0,
48108,5.0,"2,009",268 13.3,9,0,1,
48111,11.1,"3,276",650 19.8,10,0,0,
48114,5.0,"1,142",107 9.4,4,0,0,
48116,11.8,"1,640",111 6.8,2,1,0,
48117,21.4,610,103 16.9,1,0,0,
48118,27.7,729,40 5.5,1,0,0,
48120,34.3,986,346 35.1,5,1,0,
48122,39.7,875,307 35.1,8,0,0,
48124,46.1,"2,197",332 15.1,2,0,0,
48125,26.7,"1,596",387 24.2,7,0,0,
48126,54.1,"5,545",1793 32.3,52,6,0,
48127,12.1,"2,999",895 29.8,16,0,0,
48128,53.0,822,146 17.8,2,0,0,
48130,20.9,"1,138",40 3.5,2,0,0,
48131,35.7,524,72 13.7,2,0,0,
48133,26.5,372,81 21.8,2,0,0,
48134,13.1,"1,773",309 17.4,3,0,0,
48135,17.6,"1,813",355 19.6,5,0,0,
48137,24.9,299,24 8.0,0,0,0,
48138,19.1,421,42 10.0,0,0,0,
48139,31.0,7,0 0.0,0,0,0,
"",,,for Lead,,,,
"",,,,,,,Cap
"",,,,5 to 9 ug/dL,,,
"",,,,"(capillary,",,,1
"",%Pre-1950,Children,,venous or,10-19 ug/dL,20+  ug/dL,conf
ZIP,Housing,Under Age 6,"# Tested % Tested",unknown),(venous only),(venous only),v
48140,36.2,174,24 13.8,0,0,0,
48141,19.0,"2,226",878 39.4,24,1,0,
48143,21.7,3,0 0.0,0,0,0,
48144,12.4,562,94 16.7,1,0,0,
48145,33.6,209,40 19.1,0,0,0,
48146,35.2,"3,089",775 25.1,15,0,0,
48150,13.8,"1,770",275 15.5,1,0,0,
48152,9.3,"1,686",290 17.2,7,0,0,
48154,7.0,"1,865",317 17.0,1,0,0,
48157,45.8,109,20 18.3,2,0,0,
48158,36.1,401,25 6.2,0,0,0,
48159,48.2,189,29 15.3,0,0,0,
48160,32.2,911,111 12.2,0,0,0,
48161,38.7,"2,040",457 22.4,16,0,0,
48162,28.5,"2,211",453 20.5,10,1,0,
48164,26.3,545,72 13.2,1,0,0,
48165,6.1,520,62 11.9,0,0,0,
48166,21.0,968,179 18.5,2,0,0,
48167,8.9,"1,240",168 13.5,3,0,0,
48168,*,"1,566",144 9.2,1,1,0,
48169,15.4,"1,258",103 8.2,2,0,0,
48170,15.7,"2,512",219 8.7,6,1,0,
48173,18.2,913,119 13.0,3,0,0,
48174,15.8,"2,538",643 25.3,15,2,0,
48175,*,*,2 ---,0,0,0,
48176,12.2,"1,298",101 7.8,1,0,0,
48178,7.9,"2,225",186 8.4,2,0,0,
48179,32.7,191,29 15.2,0,0,0,
48180,13.8,"5,287",1522 28.8,24,3,2,
48182,17.3,"1,358",174 12.8,2,0,0,
48183,9.3,"2,717",436 16.0,3,0,0,
48184,30.4,"1,249",309 24.7,4,1,0,
48185,4.7,"3,395",854 25.2,10,0,1,
48186,17.9,"2,943",618 21.0,19,1,0,
48187,2.0,"3,703",529 14.3,5,0,0,
48188,2.6,"3,692",473 12.8,10,0,0,
48189,15.7,966,92 9.5,1,0,0,
48190,70.3,5,10 200.0,0,0,0,
48191,30.7,290,33 11.4,1,0,0,
48192,37.1,"1,683",256 15.2,6,0,0,
48193,*,943,181 19.2,6,0,0,
48195,14.7,"1,789",322 18.0,4,0,0,
48197,17.0,"5,049",762 15.1,19,0,0,
48198,14.0,"3,614",700 19.4,18,1,0,
48201,51.0,666,424 63.7,15,7,0,
48202,68.5,955,426 44.6,40,7,1,
48203,61.4,"2,195",859 39.1,82,17,3,
"",,,for Lead,,,,
"",,,,,,,Cap
"",,,,5 to 9 ug/dL,,,
"",,,,"(capillary,",,,1
"",%Pre-1950,Children,,venous or,10-19 ug/dL,20+  ug/dL,conf
ZIP,Housing,Under Age 6,"# Tested % Tested",unknown),(venous only),(venous only),v
48204,67.2,"2,271",1042 45.9,110,22,11,
48205,48.2,"4,233",1799 42.5,119,20,7,
48206,78.1,"1,665",790 47.4,104,27,11,
48207,34.7,"1,326",624 47.1,52,17,7,
48208,64.7,854,337 39.5,28,6,1,
48209,76.0,"4,220",2014 47.7,131,30,7,
48210,68.1,"3,933",1887 48.0,152,23,5,
48211,72.1,694,289 41.6,39,8,3,
48212,70.6,"4,007",1705 42.6,174,16,6,
48213,62.5,"2,368",1079 45.6,132,18,1,
48214,71.0,"1,516",753 49.7,102,29,5,
48215,55.5,"1,083",492 45.4,50,15,1,
48216,71.5,506,151 29.8,17,2,0,
48217,56.1,643,265 41.2,17,1,0,
48218,62.1,752,292 38.8,9,0,0,
48219,34.4,"3,543",1681 47.4,53,10,2,
48220,59.7,"1,469",310 21.1,5,2,0,
48221,63.5,"2,476",1068 43.1,44,5,0,
48223,39.5,"2,141",902 42.1,30,2,4,
48224,57.9,"4,024",1743 43.3,109,27,7,
48225,29.5,"1,086",331 30.5,7,4,0,
48226,49.4,113,50 44.2,1,0,0,
48227,53.5,"3,524",1675 47.5,103,13,1,
48228,39.5,"5,037",2179 43.3,75,3,4,
48229,47.3,831,293 35.3,8,0,0,
48230,71.4,977,178 18.2,11,0,0,
48234,47.2,"3,005",1346 44.8,58,9,2,
48235,44.9,"3,103",1517 48.9,37,13,0,
48236,43.3,"1,836",235 12.8,2,0,0,
48237,16.0,"2,214",735 33.2,9,1,0,
48238,71.7,"2,584",1200 46.4,121,22,2,
48239,23.1,"2,707",736 27.2,10,0,0,
48240,29.4,"1,345",373 27.7,8,1,0,
48301,7.3,773,104 13.5,2,0,0,
48302,5.5,703,74 10.5,0,0,0,
48304,6.0,714,77 10.8,1,0,0,
48306,3.9,"1,671",78 4.7,1,0,0,
48307,10.9,"3,184",299 9.4,3,2,0,
48309,5.4,"1,728",127 7.3,0,0,0,
48310,2.1,"3,062",596 19.5,12,0,0,
48312,1.9,"2,125",394 18.5,10,2,0,
48313,1.8,"2,168",364 16.8,4,0,0,
48314,4.2,"1,250",182 14.6,3,0,0,
48315,1.8,"1,400",167 11.9,3,0,0,
48316,2.7,"1,578",169 10.7,0,0,0,
48317,8.4,"2,167",347 16.0,4,0,0,
48320,41.4,382,42 11.0,0,0,0,
"",,,for Lead,,,,
"",,,,,,,Cap
"",,,,5 to 9 ug/dL,,,
"",,,,"(capillary,",,,1
"",%Pre-1950,Children,,venous or,10-19 ug/dL,20+  ug/dL,conf
ZIP,Housing,Under Age 6,"# Tested % Tested",unknown),(venous only),(venous only),v
48322,0.9,"1,837",225 12.2,0,0,0,
48323,6.6,932,136 14.6,1,0,0,
48324,12.6,"1,121",128 11.4,2,1,0,
48326,10.6,"1,623",232 14.3,3,1,0,
48327,11.0,"1,699",228 13.4,1,0,0,
48328,22.0,"2,051",357 17.4,5,0,0,
48329,19.4,"1,737",289 16.6,3,0,0,
48331,1.2,"1,188",134 11.3,2,0,0,
48334,3.9,"1,064",192 18.0,5,0,0,
48335,4.0,"1,628",368 22.6,20,1,2,
48336,15.7,"1,720",328 19.1,10,0,0,
48340,21.4,"2,845",769 27.0,12,0,0,
48341,46.4,"1,267",297 23.4,7,1,0,
48342,42.3,"1,854",561 30.3,20,1,0,
48346,8.4,"1,505",254 16.9,1,0,0,
48348,5.8,"1,560",245 15.7,1,0,0,
48350,10.6,430,67 15.6,0,0,0,
48353,8.1,427,31 7.3,0,0,0,
48356,19.4,509,43 8.4,0,0,0,
48357,7.9,535,57 10.7,0,0,0,
48359,6.4,730,96 13.2,1,0,0,
48360,3.6,878,77 8.8,0,0,0,
48362,24.4,"1,096",100 9.1,0,0,0,
48363,13.0,259,23 8.9,2,0,0,
48367,19.1,282,28 9.9,2,0,0,
48370,18.4,68,5 7.4,0,0,0,
48371,15.5,"1,883",211 11.2,2,0,0,
48374,1.3,966,101 10.5,0,0,0,
48375,1.0,"1,507",216 14.3,4,0,0,
48377,5.7,"1,257",219 17.4,2,0,1,
48380,7.4,484,35 7.2,1,0,0,
48381,13.6,816,92 11.3,1,0,0,
48382,12.4,"1,599",168 10.5,0,0,0,
48383,8.8,939,137 14.6,2,0,0,
48386,14.1,"1,069",141 13.2,3,0,0,
48390,9.9,"1,512",232 15.3,2,2,0,
48393,2.4,"1,346",247 18.4,2,0,0,
48401,34.3,92,18 19.6,1,0,0,
48412,27.7,346,41 11.8,1,1,0,
48413,35.9,520,125 24.0,5,0,0,
48414,40.4,153,39 25.5,2,0,0,
48415,17.4,612,126 20.6,7,0,0,
48416,37.6,383,52 13.6,3,0,0,
48417,20.6,193,39 20.2,1,0,0,
48418,27.6,307,38 12.4,0,0,0,
48419,35.4,190,25 13.2,0,0,0,
48420,19.3,"1,488",278 18.7,6,0,1,
"",,,for Lead,,,,
"",,,,,,,Cap
"",,,,5 to 9 ug/dL,,,
"",,,,"(capillary,",,,1
"",%Pre-1950,Children,,venous or,10-19 ug/dL,20+  ug/dL,conf
ZIP,Housing,Under Age 6,"# Tested % Tested",unknown),(venous only),(venous only),v
48421,20.4,394,45 11.4,0,0,0,
48422,33.1,465,66 14.2,2,0,0,
48423,10.5,"2,349",390 16.6,9,0,0,
48426,39.6,83,16 19.3,1,0,0,
48427,38.6,203,39 19.2,2,0,0,
48428,19.7,277,24 8.7,0,0,0,
48429,29.7,581,152 26.2,6,1,0,
48430,17.2,"2,532",347 13.7,3,0,0,
48432,45.3,33,6 18.2,0,0,0,
48433,14.4,"1,657",339 20.5,5,0,0,
48434,44.6,4,1 25.0,0,0,0,
48435,24.8,159,27 17.0,0,0,0,
48436,19.9,233,43 18.5,1,1,0,
48437,36.4,31,8 25.8,0,0,0,
48438,16.7,401,50 12.5,3,0,0,
48439,6.7,"3,877",653 16.8,9,0,0,
48440,100.0,15,2 13.3,0,0,0,
48441,42.0,252,53 21.0,2,0,0,
48442,18.5,"1,529",230 15.0,1,1,0,
48444,29.0,731,116 15.9,3,3,0,
48445,34.3,90,25 27.8,5,0,0,
48446,20.0,"1,938",301 15.5,9,1,0,
48449,17.1,206,50 24.3,0,0,0,
48450,28.9,229,38 16.6,2,0,0,
48451,16.3,"1,105",122 11.0,5,0,0,
48453,37.6,393,51 13.0,2,0,1,
48454,34.5,88,30 34.1,1,0,0,
48455,16.9,443,39 8.8,2,0,0,
48456,51.6,65,13 20.0,0,0,0,
48457,21.7,551,137 24.9,4,0,0,
48458,18.5,"1,640",423 25.8,5,1,0,
48460,34.9,146,34 23.3,0,0,0,
48461,21.5,635,83 13.1,2,1,0,
48462,14.2,765,111 14.5,0,0,0,
48463,21.5,250,48 19.2,0,0,0,
48464,27.8,124,29 23.4,0,0,0,
48465,33.9,41,6 14.6,0,0,0,
48466,41.0,103,16 15.5,1,0,0,
48467,22.4,95,27 28.4,1,0,0,
48468,31.1,58,15 25.9,0,0,0,
48469,24.8,65,14 21.5,0,0,0,
48470,44.7,53,20 37.7,1,0,0,
48471,29.7,389,71 18.3,1,0,0,
48472,49.5,156,27 17.3,1,0,1,
48473,14.1,"1,482",280 18.9,4,0,0,
48475,39.9,185,15 8.1,1,0,0,
48476,59.8,35,9 25.7,0,0,0,
"",,,for Lead,,,,
"",,,,,,,Cap
"",,,,5 to 9 ug/dL,,,
"",,,,"(capillary,",,,1
"",%Pre-1950,Children,,venous or,10-19 ug/dL,20+  ug/dL,conf
ZIP,Housing,Under Age 6,"# Tested % Tested",unknown),(venous only),(venous only),v
48480,*,*,1 ---,0,0,0,
48502,69.8,25,9 36.0,0,0,0,
48503,49.1,"2,111",513 24.3,19,3,2,
48504,31.2,"2,733",741 27.1,29,3,0,
48505,38.2,"2,419",623 25.8,21,1,0,
48506,31.2,"2,604",520 20.0,29,0,0,
48507,20.9,"2,913",786 27.0,19,1,1,
48509,20.0,551,128 23.2,3,0,0,
48519,14.9,490,145 29.6,4,0,0,
48529,30.0,908,259 28.5,3,2,0,
48532,14.5,"1,322",377 28.5,7,1,1,
48601,36.4,"3,543",1225 34.6,50,6,1,
48602,59.9,"2,819",821 29.1,58,7,4,
48603,7.6,"1,627",383 23.5,6,0,0,
48604,26.7,675,181 26.8,7,0,0,
48607,74.4,85,32 37.6,10,1,0,
48609,12.9,634,93 14.7,2,0,0,
48610,7.9,138,23 16.7,1,0,0,
48611,21.9,460,52 11.3,3,0,0,
48612,11.6,528,86 16.3,1,0,0,
48613,24.9,93,15 16.1,0,0,0,
48614,25.3,113,14 12.4,0,0,0,
48615,40.3,236,39 16.5,1,0,0,
48616,31.2,521,103 19.8,2,1,0,
48617,23.9,778,130 16.7,0,0,0,
48618,29.3,358,48 13.4,1,0,0,
48619,37.2,17,3 17.6,0,0,0,
48620,10.4,*,1 ---,0,0,0,
48621,15.6,78,4 5.1,0,0,0,
48622,13.1,437,72 16.5,0,0,0,
48623,18.6,935,119 12.7,3,0,0,
48624,15.8,959,131 13.7,2,0,0,
48625,10.2,809,201 24.8,3,0,0,
48626,22.7,333,57 17.1,2,0,0,
48627,26.8,6,4 66.7,0,0,0,
48628,14.3,106,7 6.6,0,0,0,
48629,15.7,380,81 21.3,1,0,0,
48630,49.4,2,0 0.0,0,0,0,
48631,27.2,284,47 16.5,2,0,0,
48632,13.8,301,49 16.3,0,0,0,
48633,22.7,4,4 100.0,0,0,0,
48634,25.2,256,30 11.7,1,0,0,
48635,23.4,70,4 5.7,0,0,0,
48636,19.1,42,0 0.0,0,0,0,
48637,35.3,213,33 15.5,3,0,0,
48638,*,805,239 29.7,5,0,0,
48640,21.4,"2,199",209 9.5,4,0,0,
"",,,for Lead,,,,
"",,,,,,,Cap
"",,,,5 to 9 ug/dL,,,
"",,,,"(capillary,",,,1
"",%Pre-1950,Children,,venous or,10-19 ug/dL,20+  ug/dL,conf
ZIP,Housing,Under Age 6,"# Tested % Tested",unknown),(venous only),(venous only),v
48642,11.3,"2,359",189 8.0,2,1,0,
48647,23.2,335,33 9.9,1,0,0,
48649,35.6,81,20 24.7,0,0,0,
48650,21.6,475,68 14.3,2,0,0,
48651,13.8,220,63 28.6,0,0,0,
48652,13.6,86,8 9.3,0,0,0,
48653,18.1,520,74 14.2,2,0,0,
48654,15.2,127,17 13.4,0,0,0,
48655,29.5,419,74 17.7,3,0,0,
48656,10.8,170,34 20.0,0,0,0,
48657,10.5,449,54 12.0,0,0,0,
48658,24.3,350,48 13.7,2,0,0,
48659,24.7,197,44 22.3,0,0,0,
48661,19.7,659,59 9.0,1,0,0,
48662,44.8,103,12 11.7,0,0,0,
48701,47.5,131,26 19.8,3,1,0,
48703,21.1,151,22 14.6,0,0,0,
48705,19.5,12,1 8.3,0,0,0,
48706,33.5,"2,707",541 20.0,28,6,0,
48708,59.1,"2,246",498 22.2,42,3,2,
48720,57.8,40,10 25.0,0,0,0,
48721,15.0,17,4 23.5,0,0,0,
48722,17.1,214,64 29.9,2,0,0,
48723,31.4,809,163 20.1,4,0,0,
48724,47.5,26,2 7.7,0,0,0,
48725,14.8,105,24 22.9,1,0,0,
48726,37.7,474,100 21.1,2,0,0,
48727,33.2,84,18 21.4,0,0,0,
48728,24.5,7,3 42.9,1,0,0,
48729,33.3,111,22 19.8,0,0,0,
48730,29.3,212,22 10.4,0,0,0,
48731,44.5,125,45 36.0,2,0,0,
48732,22.5,700,153 21.9,7,0,0,
48733,46.4,120,20 16.7,1,0,0,
48734,20.2,396,50 12.6,0,0,0,
48735,48.0,88,12 13.6,1,0,0,
48737,19.2,38,7 18.4,0,0,0,
48738,22.6,47,3 6.4,0,0,0,
48739,19.0,173,17 9.8,0,0,0,
48740,24.2,109,11 10.1,1,0,0,
48741,32.3,152,16 10.5,1,0,0,
48742,19.9,55,9 16.4,0,0,0,
48743,26.1,1,2 200.0,0,0,0,
48744,30.3,291,51 17.5,1,0,0,
48745,21.4,51,4 7.8,0,0,0,
48746,22.1,532,106 19.9,1,0,0,
48747,44.3,94,15 16.0,1,0,0,
"",,,for Lead,,,,
"",,,,,,,Cap
"",,,,5 to 9 ug/dL,,,
"",,,,"(capillary,",,,1
"",%Pre-1950,Children,,venous or,10-19 ug/dL,20+  ug/dL,conf
ZIP,Housing,Under Age 6,"# Tested % Tested",unknown),(venous only),(venous only),v
48748,16.8,66,6 9.1,0,0,0,
48749,15.4,57,15 26.3,0,0,0,
48750,14.0,475,78 16.4,3,1,0,
48754,50.0,62,12 19.4,0,0,0,
48755,27.3,153,45 29.4,3,0,0,
48756,14.5,322,29 9.0,1,0,0,
48757,30.8,239,28 11.7,0,0,0,
48759,43.8,209,56 26.8,3,0,0,
48760,23.3,119,10 8.4,1,0,0,
48761,18.4,27,3 11.1,0,0,0,
48762,25.6,39,4 10.3,0,0,0,
48763,25.3,232,22 9.5,0,0,0,
48765,27.6,34,5 14.7,0,0,0,
48766,22.9,64,10 15.6,0,0,0,
48767,59.1,151,24 15.9,2,0,0,
48768,30.5,634,126 19.9,10,0,0,
48770,27.8,99,6 6.1,0,0,0,
48801,36.0,965,169 17.5,3,0,0,
48804,*,*,2 ---,0,0,0,
48806,44.2,95,15 15.8,0,0,0,
48807,37.0,61,13 21.3,0,0,0,
48808,19.9,391,46 11.8,0,0,0,
48809,35.7,862,175 20.3,5,2,0,
48811,49.8,290,43 14.8,0,0,0,
48813,36.7,"1,515",233 15.4,5,0,0,
48815,41.4,210,28 13.3,2,0,0,
48817,35.4,442,123 27.8,5,0,0,
48818,32.0,180,23 12.8,2,0,0,
48819,34.4,207,23 11.1,1,0,0,
48820,15.5,"1,215",107 8.8,2,0,0,
48821,19.2,268,19 7.1,1,0,0,
48822,33.4,152,15 9.9,0,0,0,
48823,13.8,"2,121",383 18.1,6,0,0,
48827,30.7,"1,134",169 14.9,3,0,0,
48829,34.9,229,21 9.2,0,0,0,
48830,44.4,*,0 ---,0,0,0,
48831,52.7,241,47 19.5,1,0,0,
48832,24.1,89,12 13.5,0,0,0,
48834,32.8,147,18 12.2,0,0,0,
48835,45.2,253,16 6.3,0,0,0,
48836,26.2,"1,158",120 10.4,1,0,0,
48837,27.3,"1,248",117 9.4,1,0,0,
48838,24.4,"1,485",202 13.6,7,0,0,
48840,8.5,669,89 13.3,3,0,0,
48841,54.9,50,15 30.0,0,0,0,
48842,11.4,"1,582",283 17.9,4,0,0,
48843,15.8,"3,324",268 8.1,4,0,1,
"",,,for Lead,,,,
"",,,,,,,Cap
"",,,,5 to 9 ug/dL,,,
"",,,,"(capillary,",,,1
"",%Pre-1950,Children,,venous or,10-19 ug/dL,20+  ug/dL,conf
ZIP,Housing,Under Age 6,"# Tested % Tested",unknown),(venous only),(venous only),v
48845,53.1,60,15 25.0,1,0,0,
48846,42.1,"1,373",293 21.3,7,1,0,
48847,47.3,395,90 22.8,0,0,0,
48848,22.5,523,70 13.4,0,0,0,
48849,44.5,441,68 15.4,3,0,0,
48850,30.6,336,52 15.5,2,0,0,
48851,31.6,185,22 11.9,0,0,0,
48852,79.1,15,4 26.7,0,0,0,
48853,61.1,59,9 15.3,1,0,0,
48854,27.7,"1,174",203 17.3,2,1,0,
48855,*,"1,087",103 9.5,0,0,0,
48856,61.4,76,15 19.7,0,0,0,
48857,31.8,184,35 19.0,1,0,0,
48858,17.0,"2,693",410 15.2,3,0,1,
48860,42.0,106,22 20.8,0,0,0,
48861,41.3,114,14 12.3,0,0,0,
48864,6.4,"1,210",157 13.0,1,0,0,
48865,29.3,122,25 20.5,0,0,0,
48866,43.5,367,69 18.8,3,0,0,
48867,42.9,"2,012",672 33.4,17,1,0,
48870,*,11,4 36.4,0,0,0,
48871,31.4,126,18 14.3,1,0,0,
48872,25.6,574,91 15.9,0,0,0,
48873,46.0,133,11 8.3,0,0,0,
48874,79.0,22,0 0.0,0,0,0,
48875,35.1,869,56 6.4,0,0,0,
48876,18.0,374,43 11.5,1,0,0,
48877,22.9,166,30 18.1,0,0,0,
48878,35.9,155,16 10.3,0,0,0,
48879,38.6,"1,387",183 13.2,5,0,0,
48880,35.1,566,115 20.3,4,0,0,
48881,31.3,422,54 12.8,0,1,0,
48883,25.1,567,69 12.2,0,0,0,
48884,30.5,304,45 14.8,1,0,0,
48885,36.5,66,12 18.2,0,0,0,
48886,23.2,151,12 7.9,0,0,0,
48888,26.2,426,80 18.8,1,0,0,
48889,35.3,77,22 28.6,0,0,0,
48890,42.3,164,24 14.6,0,0,0,
48891,24.1,199,36 18.1,1,0,0,
48892,33.3,330,53 16.1,0,0,0,
48893,10.3,421,56 13.3,2,0,0,
48894,39.4,188,7 3.7,0,0,0,
48895,26.0,750,102 13.6,1,0,0,
48896,44.9,23,2 8.7,1,0,0,
48897,55.5,99,16 16.2,1,1,0,
48906,39.6,"2,458",731 29.7,36,0,1,
"",,,for Lead,,,,
"",,,,,,,Cap
"",,,,5 to 9 ug/dL,,,
"",,,,"(capillary,",,,1
"",%Pre-1950,Children,,venous or,10-19 ug/dL,20+  ug/dL,conf
ZIP,Housing,Under Age 6,"# Tested % Tested",unknown),(venous only),(venous only),v
48910,37.7,"3,059",861 28.1,21,2,1,
48911,8.3,"3,773",1169 31.0,32,1,0,
48912,48.3,"1,219",338 27.7,15,0,0,
48915,61.2,889,324 36.4,19,1,0,
48917,9.6,"2,040",383 18.8,6,0,0,
48933,42.8,118,38 32.2,3,1,0,
49001,44.5,"2,232",648 29.0,58,4,0,
49002,13.4,"1,531",259 16.9,6,0,0,
49004,22.5,"1,203",244 20.3,6,0,0,
49006,15.1,"1,359",319 23.5,12,0,2,
49007,61.2,838,325 38.8,35,2,0,
49008,32.6,"1,019",236 23.2,8,3,0,
49009,7.5,"2,965",424 14.3,18,0,0,
49010,31.7,"1,339",209 15.6,4,0,0,
49011,43.1,142,23 16.2,1,0,0,
49012,32.0,165,31 18.8,1,0,0,
49013,33.1,487,98 20.1,3,0,0,
49014,32.3,"1,652",333 20.2,12,3,0,
49015,30.1,"2,230",431 19.3,7,1,0,
49017,39.0,"1,430",257 18.0,16,3,2,
49021,36.5,443,85 19.2,3,0,0,
49022,34.2,"3,136",673 21.5,48,6,2,
49024,4.5,"2,295",349 15.2,3,0,0,
49026,33.1,153,28 18.3,0,0,0,
49027,70.5,15,6 40.0,0,0,0,
49028,38.9,562,115 20.5,7,0,0,
49029,48.3,104,23 22.1,0,0,0,
49030,44.3,269,33 12.3,1,0,0,
49031,32.0,547,72 13.2,7,0,0,
49032,39.4,230,49 21.3,0,0,0,
49033,33.4,82,13 15.9,0,0,0,
49034,39.6,141,17 12.1,0,0,0,
49036,32.0,"1,739",350 20.1,42,0,0,
49037,*,"2,157",496 23.0,16,0,1,
49038,30.2,618,56 9.1,2,0,0,
49040,37.0,266,28 10.5,1,0,0,
49042,41.1,394,99 25.1,8,0,0,
49043,31.0,212,48 22.6,4,1,0,
49045,39.3,429,73 17.0,2,2,0,
49046,25.1,428,56 13.1,2,0,0,
49047,36.8,"1,165",206 17.7,8,1,3,
49048,*,"2,350",585 24.9,23,5,0,
49050,26.1,85,16 18.8,1,0,0,
49051,30.1,160,28 17.5,2,0,0,
49052,53.0,70,16 22.9,0,0,0,
49053,24.7,553,84 15.2,1,0,0,
49055,21.8,402,52 12.9,1,0,0,
"",,,for Lead,,,,
"",,,,,,,Cap
"",,,,5 to 9 ug/dL,,,
"",,,,"(capillary,",,,1
"",%Pre-1950,Children,,venous or,10-19 ug/dL,20+  ug/dL,conf
ZIP,Housing,Under Age 6,"# Tested % Tested",unknown),(venous only),(venous only),v
49056,28.4,312,80 25.6,7,0,0,
49057,35.1,674,131 19.4,4,0,0,
49058,34.4,"1,432",170 11.9,10,1,0,
49060,40.1,88,15 17.0,0,0,0,
49061,35.5,107,12 11.2,0,0,0,
49064,33.3,276,40 14.5,0,0,0,
49065,22.9,449,57 12.7,1,0,0,
49066,62.9,63,11 17.5,0,0,0,
49067,40.8,298,47 15.8,6,0,0,
49068,38.6,972,134 13.8,1,0,1,
49070,34.4,210,28 13.3,1,0,0,
49071,11.4,720,59 8.2,3,0,0,
49072,37.4,230,36 15.7,1,0,0,
49073,45.8,383,67 17.5,4,2,0,
49075,12.5,11,5 45.5,1,0,0,
49076,36.9,278,53 19.1,2,0,0,
49078,35.8,612,79 12.9,2,1,0,
49079,29.5,"1,056",104 9.8,3,0,0,
49080,25.4,"1,168",192 16.4,5,0,0,
49082,39.0,602,104 17.3,6,0,0,
49083,20.3,452,68 15.0,1,0,0,
49085,28.8,"1,430",75 5.2,3,0,0,
49087,26.0,431,53 12.3,0,0,0,
49088,31.4,270,35 13.0,0,0,0,
49089,41.7,142,24 16.9,3,0,0,
49090,33.2,954,173 18.1,4,2,0,
49091,33.0,"1,880",348 18.5,18,0,0,
49092,50.9,145,15 10.3,0,0,0,
49093,33.8,"1,480",288 19.5,16,3,0,
49094,45.3,295,55 18.6,3,0,1,
49095,24.4,108,10 9.3,2,0,0,
49096,44.5,262,32 12.2,4,0,0,
49097,30.6,757,116 15.3,4,0,0,
49098,38.6,461,45 9.8,1,0,0,
49099,26.0,351,96 27.4,5,1,0,
49101,29.0,208,13 6.3,1,0,0,
49102,42.3,91,15 16.5,0,0,0,
49103,24.2,751,136 18.1,0,1,0,
49106,18.3,272,18 6.6,0,0,0,
49107,35.6,731,90 12.3,4,0,0,
49111,34.8,225,67 29.8,4,0,0,
49112,21.0,730,73 10.0,2,0,0,
49113,44.5,127,15 11.8,3,0,0,
49115,42.5,7,1 14.3,0,0,0,
49116,59.5,14,0 0.0,0,0,0,
49117,30.2,197,16 8.1,0,0,0,
49119,64.3,11,1 9.1,0,0,0,
"",,,for Lead,,,,
"",,,,,,,Cap
"",,,,5 to 9 ug/dL,,,
"",,,,"(capillary,",,,1
"",%Pre-1950,Children,,venous or,10-19 ug/dL,20+  ug/dL,conf
ZIP,Housing,Under Age 6,"# Tested % Tested",unknown),(venous only),(venous only),v
49120,33.8,"2,812",439 15.6,10,1,0,
49125,52.7,96,9 9.4,0,0,0,
49126,26.9,95,29 30.5,0,0,0,
49127,13.0,714,41 5.7,3,0,0,
49128,42.8,212,21 9.9,1,0,0,
49129,53.1,27,2 7.4,0,0,0,
49130,19.9,83,7 8.4,0,0,0,
49201,26.9,"2,651",669 25.2,42,3,2,
49202,46.2,"1,986",584 29.4,37,2,0,
49203,46.1,"3,407",903 26.5,91,9,3,
49220,33.9,145,38 26.2,1,0,0,
49221,37.2,"2,982",991 33.2,60,2,0,
49224,45.8,"1,065",174 16.3,8,0,1,
49227,45.3,95,16 16.8,1,0,0,
49228,55.7,392,81 20.7,1,0,0,
49229,49.3,181,43 23.8,1,1,0,
49230,22.4,506,109 21.5,2,0,0,
49232,35.9,289,38 13.1,0,0,0,
49233,28.1,174,48 27.6,3,0,0,
49234,38.3,119,25 21.0,1,0,0,
49235,49.6,151,46 30.5,2,0,0,
49236,35.8,312,55 17.6,1,0,0,
49237,36.9,196,30 15.3,0,0,0,
49238,54.6,153,32 20.9,0,0,0,
49240,27.8,587,61 10.4,5,0,0,
49241,32.1,196,38 19.4,0,0,0,
49242,40.9,"1,032",231 22.4,13,0,0,
49245,40.9,393,65 16.5,2,0,0,
49246,23.7,151,38 25.2,1,0,0,
49247,49.3,405,110 27.2,9,2,0,
49248,76.0,58,15 25.9,0,1,0,
49249,18.5,236,33 14.0,0,0,0,
49250,37.4,475,100 21.1,3,0,0,
49251,33.5,428,93 21.7,3,0,0,
49252,42.4,208,29 13.9,3,0,0,
49253,36.1,162,38 23.5,0,0,0,
49254,49.6,171,44 25.7,1,0,0,
49255,53.1,227,21 9.3,3,0,0,
49256,54.8,318,75 23.6,2,0,0,
49259,26.7,170,31 18.2,0,1,0,
49262,54.2,71,20 28.2,0,0,0,
49263,53.3,6,2 33.3,0,0,0,
49264,28.9,135,25 18.5,0,0,0,
49265,28.1,307,58 18.9,1,0,0,
49266,37.8,226,67 29.6,2,0,0,
49267,39.6,247,33 13.4,1,0,0,
49268,62.6,82,32 39.0,1,0,0,
"",,,for Lead,,,,
"",,,,,,,Cap
"",,,,5 to 9 ug/dL,,,
"",,,,"(capillary,",,,1
"",%Pre-1950,Children,,venous or,10-19 ug/dL,20+  ug/dL,conf
ZIP,Housing,Under Age 6,"# Tested % Tested",unknown),(venous only),(venous only),v
49269,28.4,418,84 20.1,4,1,0,
49270,28.9,347,61 17.6,2,0,1,
49271,54.7,137,32 23.4,0,0,0,
49272,33.9,141,31 22.0,1,0,0,
49274,40.3,317,58 18.3,6,0,0,
49276,66.0,58,8 13.8,0,0,0,
49277,23.9,237,48 20.3,2,0,0,
49279,57.6,59,8 13.6,0,0,0,
49281,7.3,*,0 ---,0,0,0,
49282,6.9,11,5 45.5,0,0,0,
49283,15.6,187,33 17.6,2,0,0,
49284,40.4,225,31 13.8,2,0,0,
49285,34.9,395,54 13.7,1,0,0,
49286,26.5,"1,016",169 16.6,3,1,0,
49287,29.8,153,32 20.9,1,0,0,
49288,64.2,116,39 33.6,2,0,0,
49289,64.9,9,2 22.2,0,0,0,
49301,13.7,"1,477",112 7.6,0,0,0,
49302,21.0,570,59 10.4,1,0,0,
49303,30.7,107,15 14.0,0,0,0,
49304,13.8,230,44 19.1,1,0,0,
49305,22.0,151,20 13.2,0,1,0,
49306,9.9,651,56 8.6,1,0,0,
49307,25.6,"1,132",150 13.3,2,0,0,
49309,15.8,75,17 22.7,1,0,0,
49310,33.7,251,21 8.4,0,0,0,
49312,3.2,14,4 28.6,0,0,0,
49315,17.7,"1,597",147 9.2,0,0,0,
49316,16.7,"1,763",170 9.6,2,0,0,
49318,42.0,106,20 18.9,1,0,0,
49319,17.1,"1,478",269 18.2,4,0,0,
49321,8.9,"1,462",342 23.4,13,0,0,
49322,40.4,101,12 11.9,0,1,0,
49323,13.8,876,56 6.4,1,0,0,
49325,37.9,161,9 5.6,0,0,0,
49326,14.4,258,36 14.0,1,0,0,
49327,22.4,756,118 15.6,6,0,0,
49328,39.7,312,31 9.9,0,0,0,
49329,17.8,729,102 14.0,3,0,0,
49330,30.4,524,101 19.3,2,0,0,
49331,21.6,"1,332",166 12.5,2,0,0,
49332,22.1,158,13 8.2,0,0,0,
49333,21.6,"1,037",91 8.8,0,0,0,
49335,71.8,27,0 0.0,0,0,0,
49336,26.1,367,45 12.3,3,2,0,
49337,20.6,848,103 12.1,1,0,0,
49338,14.4,130,21 16.2,0,0,0,
"",,,for Lead,,,,
"",,,,,,,Cap
"",,,,5 to 9 ug/dL,,,
"",,,,"(capillary,",,,1
"",%Pre-1950,Children,,venous or,10-19 ug/dL,20+  ug/dL,conf
ZIP,Housing,Under Age 6,"# Tested % Tested",unknown),(venous only),(venous only),v
49339,32.5,178,16 9.0,0,0,0,
49340,29.0,184,31 16.8,0,0,0,
49341,14.3,"2,878",275 9.6,8,0,0,
49342,23.3,124,13 10.5,0,0,0,
49343,22.4,456,73 16.0,0,0,0,
49344,23.0,240,30 12.5,2,0,0,
49345,27.3,"1,084",177 16.3,2,0,0,
49346,7.4,342,37 10.8,0,0,0,
49347,29.8,69,14 20.3,0,0,0,
49348,21.9,"1,036",98 9.5,2,1,0,
49349,20.2,604,72 11.9,4,0,0,
49401,10.7,"1,205",95 7.9,1,0,0,
49402,11.6,64,12 18.8,3,0,0,
49403,41.1,154,62 40.3,2,0,0,
49404,28.6,688,92 13.4,1,0,0,
49405,34.4,97,14 14.4,1,0,0,
49406,38.5,35,1 2.9,0,0,0,
49408,24.4,702,112 16.0,2,0,0,
49410,16.0,137,23 16.8,1,0,0,
49411,26.5,71,11 15.5,1,0,0,
49412,31.3,833,106 12.7,2,0,0,
49415,19.3,399,60 15.0,3,0,0,
49417,23.4,"2,175",481 22.1,11,2,1,
49418,13.8,"2,255",303 13.4,5,0,0,
49419,21.6,704,63 8.9,4,0,0,
49420,36.9,571,149 26.1,3,0,1,
49421,23.3,427,91 21.3,1,0,0,
49423,30.3,"3,733",610 16.3,36,2,0,
49424,8.1,"4,073",624 15.3,20,1,1,
49425,23.7,277,46 16.6,1,0,0,
49426,12.3,"3,187",161 5.1,3,0,0,
49428,3.9,"2,046",112 5.5,1,1,0,
49431,36.8,"1,208",209 17.3,18,0,0,
49435,27.6,243,35 14.4,2,0,0,
49436,15.3,102,23 22.5,1,0,0,
49437,24.4,480,84 17.5,0,0,0,
49440,65.3,74,16 21.6,2,1,0,
49441,33.8,"2,587",530 20.5,22,2,1,
49442,29.0,"3,726",848 22.8,63,6,1,
49444,42.2,"2,571",543 21.1,36,4,0,
49445,22.1,"1,429",231 16.2,3,0,0,
49446,29.4,210,35 16.7,1,0,0,
49448,24.7,250,49 19.6,1,0,0,
49449,29.5,121,16 13.2,0,0,0,
49450,23.0,378,81 21.4,6,0,0,
49451,20.9,474,73 15.4,2,0,0,
49452,18.8,180,46 25.6,1,0,0,
"",,,for Lead,,,,
"",,,,,,,Cap
"",,,,5 to 9 ug/dL,,,
"",,,,"(capillary,",,,1
"",%Pre-1950,Children,,venous or,10-19 ug/dL,20+  ug/dL,conf
ZIP,Housing,Under Age 6,"# Tested % Tested",unknown),(venous only),(venous only),v
49453,38.3,154,22 14.3,0,0,0,
49454,33.2,325,51 15.7,5,0,0,
49455,31.0,441,163 37.0,4,0,0,
49456,18.9,"1,223",229 18.7,4,0,0,
49457,17.9,934,159 17.0,5,0,0,
49458,15.3,5,1 20.0,0,0,0,
49459,16.9,134,48 35.8,2,0,0,
49460,14.6,594,81 13.6,3,0,0,
49461,23.0,560,104 18.6,2,1,0,
49464,22.3,"2,549",204 8.0,5,1,0,
49503,66.1,"3,180",939 29.5,101,6,2,
49504,58.0,"3,696",909 24.6,91,8,2,
49505,37.8,"2,933",672 22.9,41,2,0,
49506,48.2,"2,563",484 18.9,54,2,1,
49507,58.0,"4,361",1359 31.2,179,16,4,
49508,3.3,"3,459",875 25.3,23,0,0,
49509,20.6,"2,864",772 27.0,22,1,0,
49512,1.5,"1,364",274 20.1,9,0,0,
49519,*,"2,553",573 22.4,8,0,0,
49525,13.3,"1,865",277 14.9,3,0,0,
49534,*,"1,559",210 13.5,4,0,0,
49544,11.2,662,144 21.8,3,0,0,
49546,3.7,"2,165",403 18.6,11,0,0,
49548,20.2,"2,898",790 27.3,19,1,0,
49601,29.6,"1,744",215 12.3,1,0,0,
49611,29.1,16,6 37.5,0,0,0,
49612,23.6,62,12 19.4,0,0,0,
49613,48.2,30,5 16.7,0,0,0,
49614,31.9,161,23 14.3,1,0,0,
49615,19.9,211,45 21.3,1,0,0,
49616,23.3,134,40 29.9,2,0,0,
49617,24.6,154,27 17.5,1,0,0,
49618,16.3,54,4 7.4,0,0,0,
49619,26.3,65,12 18.5,0,0,0,
49620,20.8,215,43 20.0,0,0,0,
49621,16.8,173,30 17.3,0,0,0,
49622,32.2,129,25 19.4,0,0,0,
49623,18.8,96,7 7.3,0,0,0,
49625,33.2,80,17 21.3,1,0,0,
49626,66.7,29,1 3.4,0,0,0,
49627,30.7,4,0 0.0,0,0,0,
49628,62.6,16,4 25.0,0,0,0,
49629,30.7,101,18 17.8,0,0,0,
49630,27.3,57,14 24.6,0,0,0,
49631,24.3,481,73 15.2,6,0,0,
49632,20.0,75,9 12.0,0,0,0,
49633,19.9,220,39 17.7,1,0,0,
"",,,for Lead,,,,
"",,,,,,,Cap
"",,,,5 to 9 ug/dL,,,
"",,,,"(capillary,",,,1
"",%Pre-1950,Children,,venous or,10-19 ug/dL,20+  ug/dL,conf
ZIP,Housing,Under Age 6,"# Tested % Tested",unknown),(venous only),(venous only),v
49634,66.7,10,0 0.0,0,0,0,
49635,40.1,144,43 29.9,2,0,0,
49636,14.6,9,1 11.1,0,0,0,
49637,13.4,288,57 19.8,3,0,0,
49638,10.8,35,7 20.0,0,0,0,
49639,16.7,196,26 13.3,1,0,0,
49640,28.1,90,22 24.4,0,0,0,
49642,23.3,64,7 10.9,0,0,0,
49643,9.4,505,78 15.4,1,0,0,
49644,8.3,61,15 24.6,0,0,0,
49645,28.4,97,22 22.7,0,0,0,
49646,13.7,653,99 15.2,0,0,0,
49648,13.5,96,12 12.5,0,0,0,
49649,16.7,536,100 18.7,7,0,0,
49650,10.5,292,45 15.4,0,0,0,
49651,16.8,524,93 17.7,0,0,0,
49653,29.6,113,22 19.5,0,0,0,
49654,36.7,12,1 8.3,0,0,0,
49655,19.2,241,30 12.4,1,0,0,
49656,26.0,79,9 11.4,1,0,0,
49657,33.9,301,29 9.6,0,0,0,
49659,16.5,555,122 22.0,1,0,0,
49660,43.1,740,134 18.1,4,1,0,
49663,23.9,511,47 9.2,1,0,0,
49664,23.8,90,13 14.4,1,0,0,
49665,26.7,374,43 11.5,3,0,0,
49666,30.0,9,3 33.3,0,0,0,
49667,23.5,28,7 25.0,0,0,0,
49668,16.7,281,49 17.4,3,0,0,
49670,30.3,64,9 14.1,0,0,0,
49675,37.7,32,9 28.1,1,0,0,
49676,21.1,204,39 19.1,0,0,0,
49677,27.3,473,85 18.0,2,0,0,
49679,14.7,79,16 20.3,0,0,0,
49680,20.7,160,27 16.9,0,0,0,
49682,20.6,274,52 19.0,1,0,0,
49683,17.5,120,25 20.8,1,1,0,
49684,19.1,"2,634",447 17.0,12,0,0,
49685,*,*,19 ---,0,0,0,
49686,17.6,"2,091",358 17.1,14,0,0,
49688,26.3,169,21 12.4,0,0,1,
49689,16.8,62,9 14.5,0,0,0,
49690,12.2,301,47 15.6,1,0,0,
49701,25.7,54,9 16.7,0,0,0,
49705,18.2,68,7 10.3,0,0,0,
49706,17.5,322,52 16.1,0,0,0,
49707,30.2,"1,376",235 17.1,7,1,0,
"",,,for Lead,,,,
"",,,,,,,Cap
"",,,,5 to 9 ug/dL,,,
"",,,,"(capillary,",,,1
"",%Pre-1950,Children,,venous or,10-19 ug/dL,20+  ug/dL,conf
ZIP,Housing,Under Age 6,"# Tested % Tested",unknown),(venous only),(venous only),v
49709,20.1,155,31 20.0,1,0,0,
49710,25.2,15,3 20.0,0,0,0,
49712,23.9,574,96 16.7,1,1,0,
49713,23.0,156,24 15.4,0,0,0,
49715,18.6,239,46 19.2,1,0,0,
49716,13.0,37,5 13.5,0,0,0,
49718,33.7,29,8 27.6,0,0,0,
49719,22.8,65,9 13.8,0,0,0,
49720,27.2,506,88 17.4,1,0,0,
49721,26.8,831,154 18.5,4,0,0,
49722,47.2,12,2 16.7,0,0,0,
49724,23.8,75,9 12.0,0,0,0,
49725,19.9,14,1 7.1,0,0,0,
49726,14.0,36,4 11.1,0,0,0,
49727,25.0,474,69 14.6,1,0,0,
49728,18.5,15,2 13.3,0,0,0,
49729,33.2,78,13 16.7,0,0,0,
49730,14.6,148,28 18.9,0,0,0,
49733,15.6,116,15 12.9,0,0,0,
49735,11.2,"1,421",223 15.7,1,0,0,
49736,20.5,22,4 18.2,0,0,0,
49738,21.8,567,81 14.3,1,0,0,
49740,24.2,295,32 10.8,0,0,0,
49743,34.9,34,3 8.8,0,0,0,
49744,30.9,51,5 9.8,0,0,0,
49745,50.7,46,10 21.7,0,0,0,
49746,18.9,202,28 13.9,0,0,0,
49747,21.0,84,16 19.0,0,0,0,
49748,24.9,4,1 25.0,1,0,0,
49749,14.8,241,47 19.5,1,0,0,
49751,17.7,110,17 15.5,1,0,0,
49752,9.0,34,8 23.5,1,0,0,
49753,20.7,120,14 11.7,1,0,0,
49755,26.2,124,13 10.5,0,1,0,
49756,10.8,153,32 20.9,0,0,0,
49757,53.8,31,3 9.7,0,0,0,
49759,14.0,90,13 14.4,0,0,0,
49760,25.4,32,6 18.8,0,0,0,
49762,22.1,21,2 9.5,0,0,0,
49764,29.3,10,0 0.0,0,0,0,
49765,26.8,271,42 15.5,1,0,0,
49766,24.7,161,26 16.1,0,0,0,
49768,10.9,19,3 15.8,0,0,0,
49769,30.3,127,26 20.5,1,0,0,
49770,31.6,"1,118",151 13.5,2,0,0,
49774,26.6,115,16 13.9,1,0,0,
49775,29.3,3,0 0.0,0,0,0,
"",,,for Lead,,,,
"",,,,,,,Cap
"",,,,5 to 9 ug/dL,,,
"",,,,"(capillary,",,,1
"",%Pre-1950,Children,,venous or,10-19 ug/dL,20+  ug/dL,conf
ZIP,Housing,Under Age 6,"# Tested % Tested",unknown),(venous only),(venous only),v
49776,31.0,122,14 11.5,1,0,0,
49777,17.7,45,1 2.2,0,0,0,
49779,38.1,198,46 23.2,0,0,0,
49780,23.6,137,17 12.4,1,0,0,
49781,28.1,260,68 26.2,1,0,0,
49782,18.2,16,0 0.0,0,0,0,
49783,39.7,"1,374",267 19.4,9,0,0,
49788,15.6,293,50 17.1,3,0,0,
49791,70.0,17,6 35.3,0,0,0,
49792,22.2,*,2 ---,0,0,0,
49793,33.8,8,0 0.0,0,0,0,
49795,16.3,125,34 27.2,2,0,0,
49796,47.6,10,4 40.0,0,0,0,
49799,14.5,140,24 17.1,0,1,0,
49801,42.2,675,128 19.0,5,0,0,
49802,43.1,391,75 19.2,2,0,0,
49805,75.0,24,6 25.0,1,0,0,
49806,34.3,21,4 19.0,0,0,0,
49807,27.6,230,29 12.6,2,0,0,
49808,26.4,9,0 0.0,0,0,0,
49812,37.5,51,11 21.6,0,0,0,
49814,30.5,87,5 5.7,0,0,0,
49815,37.5,29,6 20.7,0,0,0,
49816,37.6,30,12 40.0,1,0,0,
49817,29.8,33,4 12.1,0,0,0,
49818,24.7,57,8 14.0,0,0,0,
49819,*,4,0 0.0,0,0,0,
49820,23.7,16,5 31.3,0,0,0,
49821,36.6,101,8 7.9,0,0,0,
49822,15.4,14,4 28.6,0,0,0,
49825,35.5,20,2 10.0,0,0,0,
49826,22.2,5,0 0.0,0,0,0,
49827,31.1,66,9 13.6,0,0,0,
49829,46.0,"1,228",240 19.5,12,2,0,
49831,57.1,49,12 24.5,0,0,0,
49833,17.6,17,0 0.0,0,0,0,
49834,32.4,24,6 25.0,0,0,0,
49835,32.0,47,13 27.7,0,0,0,
49836,31.1,38,9 23.7,0,0,0,
49837,34.7,650,101 15.5,2,0,0,
49838,21.2,21,4 19.0,0,0,0,
49839,33.3,6,0 0.0,0,0,0,
49840,19.1,41,1 2.4,0,0,0,
49841,12.4,583,95 16.3,4,0,0,
49847,45.3,52,12 23.1,3,0,0,
49848,43.8,6,3 50.0,0,0,0,
49849,48.5,921,110 11.9,8,3,0,
"",,,for Lead,,,,
"",,,,,,,Cap
"",,,,5 to 9 ug/dL,,,
"",,,,"(capillary,",,,1
"",%Pre-1950,Children,,venous or,10-19 ug/dL,20+  ug/dL,conf
ZIP,Housing,Under Age 6,"# Tested % Tested",unknown),(venous only),(venous only),v
49852,71.8,9,0 0.0,0,0,0,
49853,23.4,66,10 15.2,0,0,0,
49854,37.7,378,89 23.5,1,0,0,
49855,30.7,"1,591",184 11.6,8,0,0,
49858,43.4,703,162 23.0,10,0,0,
49861,34.0,18,4 22.2,0,0,0,
49862,35.8,246,38 15.4,0,0,0,
49863,57.8,9,2 22.2,0,0,0,
49866,40.2,654,61 9.3,2,1,0,
49868,32.9,301,79 26.2,1,0,0,
49870,51.6,229,43 18.8,0,0,0,
49871,60.8,37,4 10.8,0,0,0,
49872,58.8,12,2 16.7,0,0,0,
49873,27.1,11,2 18.2,0,0,0,
49874,29.4,49,8 16.3,0,0,0,
49876,22.0,84,13 15.5,0,0,0,
49877,52.8,4,1 25.0,0,0,0,
49878,27.4,157,28 17.8,0,0,0,
49879,36.0,69,10 14.5,2,0,0,
49880,36.8,49,5 10.2,0,0,0,
49881,24.1,13,1 7.7,0,0,0,
49883,28.3,6,1 16.7,0,0,0,
49884,15.9,33,9 27.3,0,0,0,
49885,22.5,124,17 13.7,0,0,0,
49886,40.8,24,7 29.2,0,0,0,
49887,36.4,116,21 18.1,0,0,0,
49891,37.6,53,7 13.2,0,0,0,
49892,34.1,86,17 19.8,1,0,0,
49893,26.1,85,15 17.6,0,0,0,
49894,39.5,34,7 20.6,1,0,0,
49895,18.4,37,6 16.2,0,0,0,
49896,27.8,159,41 25.8,0,0,0,
49901,85.8,19,3 15.8,0,0,0,
49902,69.2,3,0 0.0,0,0,0,
49903,67.0,6,3 50.0,0,0,0,
49905,56.0,254,39 15.4,0,0,0,
49908,30.5,181,35 19.3,1,0,0,
49910,33.4,13,3 23.1,0,0,0,
49911,58.8,171,34 19.9,0,0,0,
49912,50.6,44,8 18.2,0,0,0,
49913,75.6,603,117 19.4,6,0,0,
49915,69.3,58,18 31.0,1,0,0,
49916,37.0,196,32 16.3,1,0,0,
49917,84.8,15,1 6.7,1,0,0,
49918,69.3,2,1 50.0,0,0,0,
49919,36.9,15,1 6.7,0,0,0,
49920,41.6,185,36 19.5,0,0,0,
"",,,for Lead,,,,
"",,,,,,,Cap
"",,,5 to 9 ug/dL,,,,
"",,,"(capillary,",,,,1
"",%Pre-1950,Children,venous or,10-19 ug/dL,20+  ug/dL,,conf
ZIP,Housing,Under Age 6,"# Tested % Tested unknown)",(venous only),(venous only),,v
49921,57.9,18,6 33.3 0,0,,0,
49922,35.5,92,17 18.5 1,0,,0,
49925,43.0,12,4 33.3 0,0,,0,
49927,53.4,34,8 23.5 1,0,,0,
49929,70.2,16,5 31.3 0,0,,0,
49930,56.5,571,107 18.7 6,0,,0,
49931,38.0,410,87 21.2 2,0,,0,
49934,88.8,43,8 18.6 0,0,,0,
49935,42.8,330,77 23.3 0,0,,0,
49938,63.6,486,104 21.4 4,0,,0,
49942,89.0,17,0 0.0 0,0,,0,
49945,49.1,168,31 18.5 2,0,,0,
49946,33.9,286,70 24.5 2,0,,0,
49947,33.3,30,3 10.0 0,0,,0,
49948,58.7,27,11 40.7 0,0,,0,
49950,52.7,60,12 20.0 0,0,,0,
49952,29.5,9,1 11.1 0,0,,0,
49953,43.8,121,28 23.1 2,0,,0,
49955,85.9,23,8 34.8 0,0,,0,
49958,43.3,78,10 12.8 1,0,,0,
49959,74.0,12,4 33.3 0,0,,0,
49960,66.2,11,1 9.1 0,0,,0,
49961,44.1,2,2 100.0 0,0,,0,
49962,42.0,4,1 25.0 0,0,,0,
49963,61.5,91,16 17.6 0,0,,0,
49965,39.1,11,4 36.4 0,0,,0,
49967,48.9,24,7 29.2 0,0,,0,
49968,53.6,122,36 29.5 1,0,,0,
49969,20.8,78,22 28.2 0,0,,0,
49970,59.4,7,2 28.6 0,0,,0,
49971,8.4,25,3 12.0 0,0,,0,
Po Box or,,,,,,,
Unknown,---,---,710 --- 14,0,,0,
Total,27.0,"718,389","149,046 20.7 5,734",633,,155,
"*No census data available",,,,,,,
"Sources:  US Census Bureau, Census 2010 (ZIP Populations) and Census 2000 (Pre-1950 Housing)",,,,,,,
MDCH Data Warehouse (children tested and elevated levels).,,,,,,,
